xtal,ligand_name,compound_code
TRIM21-x0031,LIG,Z45705015
TRIM21-x0037,LIG,Z1079512010
TRIM21-x0043,LIG,Z1401276297
TRIM21-x0046,LIG,Z1696844792
TRIM21-x0099,LIG,Z2017861827
TRIM21-x0102,LIG,Z1980894300
TRIM21-x0140,LIG,Z29077827
TRIM21-x0145,LIG,Z26823525
TRIM21-x0176,LIG,Z32327641
TRIM21-x0194,LIG,Z328695024
TRIM21-x0199,LIG,Z741055844
TRIM21-x0215,LIG,Z79432418
TRIM21-x0219,LIG,Z438096750
TRIM21-x0225,LIG,Z32367954
TRIM21-x0238,LIG,Z374427992
TRIM21-x0243,LIG,Z793778804
TRIM21-x0248,LIG,Z32400357
TRIM21-x0266,LIG,Z1359419878
TRIM21-x0269,LIG,Z1407673036
TRIM21-x0286,LIG,Z1635496816
TRIM21-x0306,LIG,Z1222331430
TRIM21-x0310,LIG,Z291279160
TRIM21-x0322,LIG,Z1374778753
TRIM21-x0332,LIG,Z425387594
TRIM21-x0354,LIG,Z319545618
TRIM21-x0358,LIG,Z1367324110
TRIM21-x0379,LIG,Z274575916
TRIM21-x0393,LIG,Z1636723439
TRIM21-x0401,LIG,Z1742054999
TRIM21-x0404,LIG,Z1578665941
TRIM21-x0407,LIG,Z271004858
TRIM21-x0409,LIG,Z1354416068
TRIM21-x0424,LIG,Z165170770
TRIM21-x0455,LIG,Z1267773633
TRIM21-x0457,LIG,Z1267882044
TRIM21-x0468,LIG,Z126932614
TRIM21-x0469,LIG,Z2004563941
TRIM21-x0470,LIG,Z1741966151
TRIM21-x0471,LIG,Z56978034
TRIM21-x0472,LIG,Z1492796719
TRIM21-x0474,LIG,Z763030030
TRIM21-x0501,LIG,Z85893853
TRIM21-x0514,LIG,Z1217960891
TRIM21-x0519,LIG,Z2065616520
TRIM21-x0533,LIG,Z1002247062
TRIM21-x0536,LIG,Z2301438417
TRIM21-x0549,LIG,Z45617795
TRIM21-x0573,LIG,Z1998104358
TRIM21-x0579,LIG,Z198194396
TRIM21-x0594,LIG,Z1318110042
TRIM21-x0597,LIG,Z1787761777
TRIM21-x0604,LIG,Z31478538
TRIM21-x0606,LIG,Z220996120
TRIM21-x0609,LIG,Z52314092
TRIM21-x0611,LIG,Z1343518214
TRIM21-x0615,LIG,Z1689442171
TRIM21-x0631,LIG,Z1568344634
TRIM21-x0638,LIG,Z373768900
TRIM21-x0641,LIG,Z1162778919
TRIM21-x0642,LIG,Z1275599911
TRIM21-x0658,LIG,Z768399682
TRIM21-x0659,LIG,Z31432226
TRIM21-x0664,LIG,Z57450788
TRIM21-x0666,LIG,Z106579662
TRIM21-x0677,LIG,Z1545312521
TRIM21-x0678,LIG,Z2072621991
TRIM21-x0717,LIG,Z1446981563
TRIM21-x0718,LIG,Z133729708
TRIM21-x0728,LIG,Z1245793018
TRIM21-x0731,LIG,Z363071686
TRIM21-x0733,LIG,Z369263636
TRIM21-x0743,LIG,Z405825414
TRIM21-x0744,LIG,Z1003146540
TRIM21-x0746,LIG,Z1266933824
TRIM21-x0770,LIG,Z3220108246
TRIM21-x0780,LIG,Z30820160
TRIM21-x0789,LIG,Z993967070
TRIM21-x0790,LIG,Z1250132788
