Code,Long code,Experiment code,Compound code,Smiles,Centroid res,Downloaded,ConformerSites upload name,CanonSites upload name,CrystalformSites upload name,Quatassemblies upload name,Crystalforms upload name,ConformerSites short tag,CanonSites short tag,CrystalformSites short tag,Quatassemblies short tag,Crystalforms short tag,ConformerSites alias,CanonSites alias,CrystalformSites alias,Quatassemblies alias,Crystalforms alias,Pose,[Other] upload_1 2025-03-17,Main status,GOOD count,MEDIOCRE count,BAD count
m0031a,TRIM21-x0031_B_401_v1,TRIM21-x0031,Z45705015,CS(=O)(=O)NCCc1ccc(F)cc1,TRIM21-x0031/B/39/B_v1,True,1a - TRIM21-x0031/B/401,1 - TRIM21-x0031/B/401/1,F1c - TRIM21-x0611/B/301/1,A1 - monomer,F1 - xtalform1,1a - m0031/B/401,1 - m0031/B/401/1,F1c - m0611/B/301,A1 - monomer,F1 - xtalform1,1a - m0031/B/401,1 - m0031/B/401/1,F1c - m0611/B/301,A1 - monomer,F1 - xtalform1,m0031a,True,,,,
m0037a,TRIM21-x0037_B_302_v1,TRIM21-x0037,Z1079512010,Cc1cc(Cn2nc(C)ccc2=O)on1,TRIM21-x0031/B/39/B_v1,True,1a - TRIM21-x0031/B/401,1 - TRIM21-x0031/B/401/1,F1c - TRIM21-x0611/B/301/1,A1 - monomer,F1 - xtalform1,1a - m0031/B/401,1 - m0031/B/401/1,F1c - m0611/B/301,A1 - monomer,F1 - xtalform1,1a - m0031/B/401,1 - m0031/B/401/1,F1c - m0611/B/301,A1 - monomer,F1 - xtalform1,m0037a,True,,,,
m0043a,TRIM21-x0043_B_302_v1,TRIM21-x0043,Z1401276297,c1cnc(N2CC[C@@]3(CCOC3)C2)cn1,TRIM21-x0043/B/109/B_v1,True,2a - TRIM21-x0043/B/302,2 - TRIM21-x0043/B/302/1,F1d - TRIM21-x0043/B/302/1,A1 - monomer,F1 - xtalform1,2a - m0043/B/302,2 - m0043/B/302/1,F1d - m0043/B/302,A1 - monomer,F1 - xtalform1,2a - m0043/B/302,2 - m0043/B/302/1,F1d - m0043/B/302,A1 - monomer,F1 - xtalform1,m0043a,True,,,,
m0046a,TRIM21-x0046_B_302_v1,TRIM21-x0046,Z1696844792,OC1CN(C(c2ccccc2)c2ccccc2)C1,TRIM21-x0046/B/42/B_v1,True,4a - TRIM21-x0046/B/302,4 - TRIM21-x0046/B/302/1,F1f - TRIM21-x0046/B/302/1,A1 - monomer,F1 - xtalform1,4a - m0046/B/302,4 - m0046/B/302/1,F1f - m0046/B/302,A1 - monomer,F1 - xtalform1,4a - m0046/B/302,4 - m0046/B/302/1,F1f - m0046/B/302,A1 - monomer,F1 - xtalform1,m0046a,True,,,,
m0099a,TRIM21-x0099_B_201_v1,TRIM21-x0099,Z2017861827,CC(=O)N1C[C@H]2CC[C@@H]1c1ccccc12,TRIM21-x0031/B/39/B_v1,True,1a - TRIM21-x0031/B/401,1 - TRIM21-x0031/B/401/1,F1c - TRIM21-x0611/B/301/1,A1 - monomer,F1 - xtalform1,1a - m0031/B/401,1 - m0031/B/401/1,F1c - m0611/B/301,A1 - monomer,F1 - xtalform1,1a - m0031/B/401,1 - m0031/B/401/1,F1c - m0611/B/301,A1 - monomer,F1 - xtalform1,m0099a,True,,,,
m0102a,TRIM21-x0102_B_203_v1,TRIM21-x0102,Z1980894300,Cc1cc(N2CCCCC2)nc(CO)n1,TRIM21-x0102/B/115/B_v1,True,5a - TRIM21-x0102/B/203,5 - TRIM21-x0102/B/203/1,F1h - TRIM21-x0102/B/203/1,A1 - monomer,F1 - xtalform1,5a - m0102/B/203,5 - m0102/B/203/1,F1h - m0102/B/203,A1 - monomer,F1 - xtalform1,5a - m0102/B/203,5 - m0102/B/203/1,F1h - m0102/B/203,A1 - monomer,F1 - xtalform1,m0102a,True,,,,
m0140a,TRIM21-x0140_B_402_v1,TRIM21-x0140,Z29077827,CCCn1c(NC(=O)CC)nc2ccccc21,TRIM21-x0031/B/39/B_v1,True,1a - TRIM21-x0031/B/401,1 - TRIM21-x0031/B/401/1,F1b - TRIM21-x0140/B/402/1,A1 - monomer,F1 - xtalform1,1a - m0031/B/401,1 - m0031/B/401/1,F1b - m0140/B/402,A1 - monomer,F1 - xtalform1,1a - m0031/B/401,1 - m0031/B/401/1,F1b - m0140/B/402,A1 - monomer,F1 - xtalform1,m0140a,True,,,,
m0145a,TRIM21-x0145_B_201_v1,TRIM21-x0145,Z26823525,CCc1nnc(NC(=O)[C@H]2CCCO2)s1,TRIM21-x0031/B/39/B_v1,True,1a - TRIM21-x0031/B/401,1 - TRIM21-x0031/B/401/1,F1c - TRIM21-x0611/B/301/1,A1 - monomer,F1 - xtalform1,1a - m0031/B/401,1 - m0031/B/401/1,F1c - m0611/B/301,A1 - monomer,F1 - xtalform1,1a - m0031/B/401,1 - m0031/B/401/1,F1c - m0611/B/301,A1 - monomer,F1 - xtalform1,m0145a,True,,,,
m0176a,TRIM21-x0176_B_302_v1,TRIM21-x0176,Z32327641,O=C(c1ccco1)N1CCN(C(=O)C2CC2)CC1,TRIM21-x0176/B/101/B_v1,True,3a - TRIM21-x0176/B/302,3 - TRIM21-x0176/B/302/1,F1e - TRIM21-x0176/B/302/1,A1 - monomer,F1 - xtalform1,3a - m0176/B/302,3 - m0176/B/302/1,F1e - m0176/B/302,A1 - monomer,F1 - xtalform1,3a - m0176/B/302,3 - m0176/B/302/1,F1e - m0176/B/302,A1 - monomer,F1 - xtalform1,m0176a,True,,,,
m0194a,TRIM21-x0194_B_302_v1,TRIM21-x0194,Z328695024,CC(C)N(C)c1ncnc2c1cnn2C,TRIM21-x0043/B/109/B_v1,True,2a - TRIM21-x0043/B/302,2 - TRIM21-x0043/B/302/1,F1d - TRIM21-x0043/B/302/1,A1 - monomer,F1 - xtalform1,2a - m0043/B/302,2 - m0043/B/302/1,F1d - m0043/B/302,A1 - monomer,F1 - xtalform1,2a - m0043/B/302,2 - m0043/B/302/1,F1d - m0043/B/302,A1 - monomer,F1 - xtalform1,m0194a,True,,,,
m0194b,TRIM21-x0194_B_401_v1,TRIM21-x0194,Z328695024,CC(C)N(C)c1ncnc2c1cnn2C,TRIM21-x0043/B/109/B_v1,True,2a - TRIM21-x0043/B/302,2 - TRIM21-x0043/B/302/1,F1d - TRIM21-x0043/B/302/1,A1 - monomer,F1 - xtalform1,2a - m0043/B/302,2 - m0043/B/302/1,F1d - m0043/B/302,A1 - monomer,F1 - xtalform1,2a - m0043/B/302,2 - m0043/B/302/1,F1d - m0043/B/302,A1 - monomer,F1 - xtalform1,m0194a,True,,,,
m0199a,TRIM21-x0199_B_401_v1,TRIM21-x0199,Z741055844,O=C(c1csnn1)N1CCOCC1,TRIM21-x0031/B/39/B_v1,True,1a - TRIM21-x0031/B/401,1 - TRIM21-x0031/B/401/1,F1c - TRIM21-x0611/B/301/1,A1 - monomer,F1 - xtalform1,1a - m0031/B/401,1 - m0031/B/401/1,F1c - m0611/B/301,A1 - monomer,F1 - xtalform1,1a - m0031/B/401,1 - m0031/B/401/1,F1c - m0611/B/301,A1 - monomer,F1 - xtalform1,m0199a,True,,,,
m0199b,TRIM21-x0199_B_302_v1,TRIM21-x0199,Z741055844,O=C(c1csnn1)N1CCOCC1,TRIM21-x0176/B/101/B_v1,True,3a - TRIM21-x0176/B/302,3 - TRIM21-x0176/B/302/1,F1e - TRIM21-x0176/B/302/1,A1 - monomer,F1 - xtalform1,3a - m0176/B/302,3 - m0176/B/302/1,F1e - m0176/B/302,A1 - monomer,F1 - xtalform1,3a - m0176/B/302,3 - m0176/B/302/1,F1e - m0176/B/302,A1 - monomer,F1 - xtalform1,m0199b,True,,,,
m0215a,TRIM21-x0215_B_401_v1,TRIM21-x0215,Z79432418,O=C(CN1CCCC1=O)Nc1nccs1,TRIM21-x0176/B/101/B_v1,True,3a - TRIM21-x0176/B/302,3 - TRIM21-x0176/B/302/1,F1e - TRIM21-x0176/B/302/1,A1 - monomer,F1 - xtalform1,3a - m0176/B/302,3 - m0176/B/302/1,F1e - m0176/B/302,A1 - monomer,F1 - xtalform1,3a - m0176/B/302,3 - m0176/B/302/1,F1e - m0176/B/302,A1 - monomer,F1 - xtalform1,m0215a,True,,,,
m0215b,TRIM21-x0215_B_302_v1,TRIM21-x0215,Z79432418,O=C(CN1CCCC1=O)Nc1nccs1,TRIM21-x0215/B/168/B_v1,True,6a - TRIM21-x0215/B/302,6 - TRIM21-x0215/B/302/1,F1i - TRIM21-x0215/B/302/1,A1 - monomer,F1 - xtalform1,6a - m0215/B/302,6 - m0215/B/302/1,F1i - m0215/B/302,A1 - monomer,F1 - xtalform1,6a - m0215/B/302,6 - m0215/B/302/1,F1i - m0215/B/302,A1 - monomer,F1 - xtalform1,m0215b,True,,,,
m0219a,TRIM21-x0219_B_302_v1,TRIM21-x0219,Z438096750,CC(=O)N1CCC[C@@H](CNS(C)(=O)=O)C1,TRIM21-x0031/B/39/B_v1,True,1a - TRIM21-x0031/B/401,1 - TRIM21-x0031/B/401/1,F1c - TRIM21-x0611/B/301/1,A1 - monomer,F1 - xtalform1,1a - m0031/B/401,1 - m0031/B/401/1,F1c - m0611/B/301,A1 - monomer,F1 - xtalform1,1a - m0031/B/401,1 - m0031/B/401/1,F1c - m0611/B/301,A1 - monomer,F1 - xtalform1,m0219a,True,,,,
m0225a,TRIM21-x0225_B_401_v1,TRIM21-x0225,Z32367954,O=C(NC1CC1)c1ccc2c(c1)OCO2,TRIM21-x0176/B/101/B_v1,True,3a - TRIM21-x0176/B/302,3 - TRIM21-x0176/B/302/1,F1e - TRIM21-x0176/B/302/1,A1 - monomer,F1 - xtalform1,3a - m0176/B/302,3 - m0176/B/302/1,F1e - m0176/B/302,A1 - monomer,F1 - xtalform1,3a - m0176/B/302,3 - m0176/B/302/1,F1e - m0176/B/302,A1 - monomer,F1 - xtalform1,m0225a,True,,,,
m0238a,TRIM21-x0238_B_201_v1,TRIM21-x0238,Z374427992,CC(=O)NCc1ccnc(N(C)C)c1,TRIM21-x0031/B/39/B_v1,True,1a - TRIM21-x0031/B/401,1 - TRIM21-x0031/B/401/1,F1c - TRIM21-x0611/B/301/1,A1 - monomer,F1 - xtalform1,1a - m0031/B/401,1 - m0031/B/401/1,F1c - m0611/B/301,A1 - monomer,F1 - xtalform1,1a - m0031/B/401,1 - m0031/B/401/1,F1c - m0611/B/301,A1 - monomer,F1 - xtalform1,m0238a,True,,,,
m0243a,TRIM21-x0243_B_201_v1,TRIM21-x0243,Z793778804,CCOC(=O)CN1CCS(=O)(=O)CC1,TRIM21-x0031/B/39/B_v1,True,1a - TRIM21-x0031/B/401,1 - TRIM21-x0031/B/401/1,F1c - TRIM21-x0611/B/301/1,A1 - monomer,F1 - xtalform1,1a - m0031/B/401,1 - m0031/B/401/1,F1c - m0611/B/301,A1 - monomer,F1 - xtalform1,1a - m0031/B/401,1 - m0031/B/401/1,F1c - m0611/B/301,A1 - monomer,F1 - xtalform1,m0243a,True,,,,
m0248a,TRIM21-x0248_B_201_v1,TRIM21-x0248,Z32400357,Cc1cccc(C(=O)N2CCC(C(N)=O)CC2)c1,TRIM21-x0031/B/39/B_v1,True,1a - TRIM21-x0031/B/401,1 - TRIM21-x0031/B/401/1,F1c - TRIM21-x0611/B/301/1,A1 - monomer,F1 - xtalform1,1a - m0031/B/401,1 - m0031/B/401/1,F1c - m0611/B/301,A1 - monomer,F1 - xtalform1,1a - m0031/B/401,1 - m0031/B/401/1,F1c - m0611/B/301,A1 - monomer,F1 - xtalform1,m0248a,True,,,,
m0266a,TRIM21-x0266_B_302_v1,TRIM21-x0266,Z1359419878,COc1ccccc1-c1nnco1,TRIM21-x0176/B/101/B_v1,True,3a - TRIM21-x0176/B/302,3 - TRIM21-x0176/B/302/1,F1e - TRIM21-x0176/B/302/1,A1 - monomer,F1 - xtalform1,3a - m0176/B/302,3 - m0176/B/302/1,F1e - m0176/B/302,A1 - monomer,F1 - xtalform1,3a - m0176/B/302,3 - m0176/B/302/1,F1e - m0176/B/302,A1 - monomer,F1 - xtalform1,m0266a,True,,,,
m0269a,TRIM21-x0269_B_302_v1,TRIM21-x0269,Z1407673036,C[C@H](CS(N)(=O)=O)c1ccccc1,TRIM21-x0031/B/39/B_v1,True,1a - TRIM21-x0031/B/401,1 - TRIM21-x0031/B/401/1,F1c - TRIM21-x0611/B/301/1,A1 - monomer,F1 - xtalform1,1a - m0031/B/401,1 - m0031/B/401/1,F1c - m0611/B/301,A1 - monomer,F1 - xtalform1,1a - m0031/B/401,1 - m0031/B/401/1,F1c - m0611/B/301,A1 - monomer,F1 - xtalform1,m0269a,True,,,,
m0286a,TRIM21-x0286_B_302_v1,TRIM21-x0286,Z1635496816,CC(=O)Nc1cc2c(cc1C)OCO2,TRIM21-x0043/B/109/B_v1,True,2a - TRIM21-x0043/B/302,2 - TRIM21-x0043/B/302/1,F1d - TRIM21-x0043/B/302/1,A1 - monomer,F1 - xtalform1,2a - m0043/B/302,2 - m0043/B/302/1,F1d - m0043/B/302,A1 - monomer,F1 - xtalform1,2a - m0043/B/302,2 - m0043/B/302/1,F1d - m0043/B/302,A1 - monomer,F1 - xtalform1,m0286a,True,,,,
m0306a,TRIM21-x0306_B_401_v1,TRIM21-x0306,Z1222331430,CN(C)C(=O)c1ccc2c(c1)CCCN2,TRIM21-x0031/B/39/B_v1,True,1a - TRIM21-x0031/B/401,1 - TRIM21-x0031/B/401/1,F1c - TRIM21-x0611/B/301/1,A1 - monomer,F1 - xtalform1,1a - m0031/B/401,1 - m0031/B/401/1,F1c - m0611/B/301,A1 - monomer,F1 - xtalform1,1a - m0031/B/401,1 - m0031/B/401/1,F1c - m0611/B/301,A1 - monomer,F1 - xtalform1,m0306a,True,,,,
m0310a,TRIM21-x0310_B_302_v1,TRIM21-x0310,Z291279160,NC(=S)Nc1ccccc1OC(F)(F)F,TRIM21-x0031/B/39/B_v1,True,1a - TRIM21-x0031/B/401,1 - TRIM21-x0031/B/401/1,F1c - TRIM21-x0611/B/301/1,A1 - monomer,F1 - xtalform1,1a - m0031/B/401,1 - m0031/B/401/1,F1c - m0611/B/301,A1 - monomer,F1 - xtalform1,1a - m0031/B/401,1 - m0031/B/401/1,F1c - m0611/B/301,A1 - monomer,F1 - xtalform1,m0310a,True,,,,
m0322a,TRIM21-x0322_B_201_v1,TRIM21-x0322,Z1374778753,OCc1cn(-c2ccc(Cl)cc2)nn1,TRIM21-x0031/B/39/B_v1,True,1a - TRIM21-x0031/B/401,1 - TRIM21-x0031/B/401/1,F1c - TRIM21-x0611/B/301/1,A1 - monomer,F1 - xtalform1,1a - m0031/B/401,1 - m0031/B/401/1,F1c - m0611/B/301,A1 - monomer,F1 - xtalform1,1a - m0031/B/401,1 - m0031/B/401/1,F1c - m0611/B/301,A1 - monomer,F1 - xtalform1,m0322a,True,,,,
m0332a,TRIM21-x0332_B_302_v1,TRIM21-x0332,Z425387594,CCOc1ccccc1N1CCNCC1,TRIM21-x0031/B/39/B_v1,True,1a - TRIM21-x0031/B/401,1 - TRIM21-x0031/B/401/1,F1c - TRIM21-x0611/B/301/1,A1 - monomer,F1 - xtalform1,1a - m0031/B/401,1 - m0031/B/401/1,F1c - m0611/B/301,A1 - monomer,F1 - xtalform1,1a - m0031/B/401,1 - m0031/B/401/1,F1c - m0611/B/301,A1 - monomer,F1 - xtalform1,m0332a,True,,,,
m0354a,TRIM21-x0354_B_302_v1,TRIM21-x0354,Z319545618,Cc1nccn1Cc1cccc(C#N)c1,TRIM21-x0031/B/39/B_v1,True,1a - TRIM21-x0031/B/401,1 - TRIM21-x0031/B/401/1,F1c - TRIM21-x0611/B/301/1,A1 - monomer,F1 - xtalform1,1a - m0031/B/401,1 - m0031/B/401/1,F1c - m0611/B/301,A1 - monomer,F1 - xtalform1,1a - m0031/B/401,1 - m0031/B/401/1,F1c - m0611/B/301,A1 - monomer,F1 - xtalform1,m0354a,True,,,,
m0358a,TRIM21-x0358_B_302_v1,TRIM21-x0358,Z1367324110,CN1CCCc2ccc(S(N)(=O)=O)cc21,TRIM21-x0043/B/109/B_v1,True,2a - TRIM21-x0043/B/302,2 - TRIM21-x0043/B/302/1,F1d - TRIM21-x0043/B/302/1,A1 - monomer,F1 - xtalform1,2a - m0043/B/302,2 - m0043/B/302/1,F1d - m0043/B/302,A1 - monomer,F1 - xtalform1,2a - m0043/B/302,2 - m0043/B/302/1,F1d - m0043/B/302,A1 - monomer,F1 - xtalform1,m0358a,True,,,,
m0358b,TRIM21-x0358_B_401_v1,TRIM21-x0358,Z1367324110,CN1CCCc2ccc(S(N)(=O)=O)cc21,TRIM21-x0043/B/109/B_v1,True,2a - TRIM21-x0043/B/302,2 - TRIM21-x0043/B/302/1,F1d - TRIM21-x0043/B/302/1,A1 - monomer,F1 - xtalform1,2a - m0043/B/302,2 - m0043/B/302/1,F1d - m0043/B/302,A1 - monomer,F1 - xtalform1,2a - m0043/B/302,2 - m0043/B/302/1,F1d - m0043/B/302,A1 - monomer,F1 - xtalform1,m0358a,True,,,,
m0379a,TRIM21-x0379_B_302_v1,TRIM21-x0379,Z274575916,Cc1cc(N2CCNCC2)nc(C)n1,TRIM21-x0043/B/109/B_v1,True,2a - TRIM21-x0043/B/302,2 - TRIM21-x0043/B/302/1,F1d - TRIM21-x0043/B/302/1,A1 - monomer,F1 - xtalform1,2a - m0043/B/302,2 - m0043/B/302/1,F1d - m0043/B/302,A1 - monomer,F1 - xtalform1,2a - m0043/B/302,2 - m0043/B/302/1,F1d - m0043/B/302,A1 - monomer,F1 - xtalform1,m0379a,True,,,,
m0393a,TRIM21-x0393_B_302_v1,TRIM21-x0393,Z1636723439,CNC(=O)[C@@H]1CNCCO1,TRIM21-x0043/B/109/B_v1,True,2a - TRIM21-x0043/B/302,2 - TRIM21-x0043/B/302/1,F1d - TRIM21-x0043/B/302/1,A1 - monomer,F1 - xtalform1,2a - m0043/B/302,2 - m0043/B/302/1,F1d - m0043/B/302,A1 - monomer,F1 - xtalform1,2a - m0043/B/302,2 - m0043/B/302/1,F1d - m0043/B/302,A1 - monomer,F1 - xtalform1,m0393a,True,,,,
m0401a,TRIM21-x0401_B_201_v1,TRIM21-x0401,Z1742054999,CN(C)c1noc(C2CCNCC2)n1,TRIM21-x0031/B/39/B_v1,True,1a - TRIM21-x0031/B/401,1 - TRIM21-x0031/B/401/1,F1c - TRIM21-x0611/B/301/1,A1 - monomer,F1 - xtalform1,1a - m0031/B/401,1 - m0031/B/401/1,F1c - m0611/B/301,A1 - monomer,F1 - xtalform1,1a - m0031/B/401,1 - m0031/B/401/1,F1c - m0611/B/301,A1 - monomer,F1 - xtalform1,m0401a,True,,,,
m0404a,TRIM21-x0404_B_302_v1,TRIM21-x0404,Z1578665941,Cc1nsc(N2CCCNCC2)n1,TRIM21-x0031/B/39/B_v1,True,1a - TRIM21-x0031/B/401,1 - TRIM21-x0031/B/401/1,F1c - TRIM21-x0611/B/301/1,A1 - monomer,F1 - xtalform1,1a - m0031/B/401,1 - m0031/B/401/1,F1c - m0611/B/301,A1 - monomer,F1 - xtalform1,1a - m0031/B/401,1 - m0031/B/401/1,F1c - m0611/B/301,A1 - monomer,F1 - xtalform1,m0404a,True,,,,
m0407a,TRIM21-x0407_B_302_v1,TRIM21-x0407,Z271004858,Nc1ccc(S(=O)(=O)Nc2ccccn2)cc1,TRIM21-x0043/B/109/B_v1,True,2a - TRIM21-x0043/B/302,2 - TRIM21-x0043/B/302/1,F1d - TRIM21-x0043/B/302/1,A1 - monomer,F1 - xtalform1,2a - m0043/B/302,2 - m0043/B/302/1,F1d - m0043/B/302,A1 - monomer,F1 - xtalform1,2a - m0043/B/302,2 - m0043/B/302/1,F1d - m0043/B/302,A1 - monomer,F1 - xtalform1,m0407a,True,,,,
m0409a,TRIM21-x0409_B_302_v1,TRIM21-x0409,Z1354416068,CC(=O)N1Cc2ccc(N)cc2C1,TRIM21-x0031/B/39/B_v1,True,1a - TRIM21-x0031/B/401,1 - TRIM21-x0031/B/401/1,F1c - TRIM21-x0611/B/301/1,A1 - monomer,F1 - xtalform1,1a - m0031/B/401,1 - m0031/B/401/1,F1c - m0611/B/301,A1 - monomer,F1 - xtalform1,1a - m0031/B/401,1 - m0031/B/401/1,F1c - m0611/B/301,A1 - monomer,F1 - xtalform1,m0409a,True,,,,
m0424a,TRIM21-x0424_B_302_v1,TRIM21-x0424,Z165170770,CNC(=O)c1ccc(S(N)(=O)=O)cc1,TRIM21-x0031/B/39/B_v1,True,1a - TRIM21-x0031/B/401,1 - TRIM21-x0031/B/401/1,F1c - TRIM21-x0611/B/301/1,A1 - monomer,F1 - xtalform1,1a - m0031/B/401,1 - m0031/B/401/1,F1c - m0611/B/301,A1 - monomer,F1 - xtalform1,1a - m0031/B/401,1 - m0031/B/401/1,F1c - m0611/B/301,A1 - monomer,F1 - xtalform1,m0424a,True,,,,
m0455a,TRIM21-x0455_B_302_v1,TRIM21-x0455,Z1267773633,CCc1ncc(CNC)s1,TRIM21-x0031/B/39/B_v1,True,1a - TRIM21-x0031/B/401,1 - TRIM21-x0031/B/401/1,F1c - TRIM21-x0611/B/301/1,A1 - monomer,F1 - xtalform1,1a - m0031/B/401,1 - m0031/B/401/1,F1c - m0611/B/301,A1 - monomer,F1 - xtalform1,1a - m0031/B/401,1 - m0031/B/401/1,F1c - m0611/B/301,A1 - monomer,F1 - xtalform1,m0455a,True,,,,
m0457a,TRIM21-x0457_B_302_v1,TRIM21-x0457,Z1267882044,c1cc(NC[C@H]2CCCO2)ccn1,TRIM21-x0031/B/39/B_v1,True,1a - TRIM21-x0031/B/401,1 - TRIM21-x0031/B/401/1,F1c - TRIM21-x0611/B/301/1,A1 - monomer,F1 - xtalform1,1a - m0031/B/401,1 - m0031/B/401/1,F1c - m0611/B/301,A1 - monomer,F1 - xtalform1,1a - m0031/B/401,1 - m0031/B/401/1,F1c - m0611/B/301,A1 - monomer,F1 - xtalform1,m0457a,True,,,,
m0468a,TRIM21-x0468_B_302_v1,TRIM21-x0468,Z126932614,CS(=O)(=O)Cc1nc2ccccc2[nH]1,TRIM21-x0031/B/39/B_v1,True,1a - TRIM21-x0031/B/401,1 - TRIM21-x0031/B/401/1,F1c - TRIM21-x0611/B/301/1,A1 - monomer,F1 - xtalform1,1a - m0031/B/401,1 - m0031/B/401/1,F1c - m0611/B/301,A1 - monomer,F1 - xtalform1,1a - m0031/B/401,1 - m0031/B/401/1,F1c - m0611/B/301,A1 - monomer,F1 - xtalform1,m0468a,True,,,,
m0469a,TRIM21-x0469_B_302_v1,TRIM21-x0469,Z2004563941,C[C@@H](O)c1cnn(C2CCCC2)c1,TRIM21-x0031/B/39/B_v1,True,1a - TRIM21-x0031/B/401,1 - TRIM21-x0031/B/401/1,F1c - TRIM21-x0611/B/301/1,A1 - monomer,F1 - xtalform1,1a - m0031/B/401,1 - m0031/B/401/1,F1c - m0611/B/301,A1 - monomer,F1 - xtalform1,1a - m0031/B/401,1 - m0031/B/401/1,F1c - m0611/B/301,A1 - monomer,F1 - xtalform1,m0469a,True,,,,
m0470a,TRIM21-x0470_B_302_v1,TRIM21-x0470,Z1741966151,CS(=O)(=O)NCC1CCNCC1,TRIM21-x0031/B/39/B_v1,True,1a - TRIM21-x0031/B/401,1 - TRIM21-x0031/B/401/1,F1c - TRIM21-x0611/B/301/1,A1 - monomer,F1 - xtalform1,1a - m0031/B/401,1 - m0031/B/401/1,F1c - m0611/B/301,A1 - monomer,F1 - xtalform1,1a - m0031/B/401,1 - m0031/B/401/1,F1c - m0611/B/301,A1 - monomer,F1 - xtalform1,m0470a,True,,,,
m0471a,TRIM21-x0471_B_302_v1,TRIM21-x0471,Z56978034,[O-]C(O)COc1ccc(F)cc1,TRIM21-x0031/B/39/B_v1,True,1a - TRIM21-x0031/B/401,1 - TRIM21-x0031/B/401/1,F1c - TRIM21-x0611/B/301/1,A1 - monomer,F1 - xtalform1,1a - m0031/B/401,1 - m0031/B/401/1,F1c - m0611/B/301,A1 - monomer,F1 - xtalform1,1a - m0031/B/401,1 - m0031/B/401/1,F1c - m0611/B/301,A1 - monomer,F1 - xtalform1,m0471a,True,,,,
m0472a,TRIM21-x0472_B_201_v1,TRIM21-x0472,Z1492796719,CC(=O)N[C@H]1CNc2ccccc2C1,TRIM21-x0031/B/39/B_v1,True,1a - TRIM21-x0031/B/401,1 - TRIM21-x0031/B/401/1,F1c - TRIM21-x0611/B/301/1,A1 - monomer,F1 - xtalform1,1a - m0031/B/401,1 - m0031/B/401/1,F1c - m0611/B/301,A1 - monomer,F1 - xtalform1,1a - m0031/B/401,1 - m0031/B/401/1,F1c - m0611/B/301,A1 - monomer,F1 - xtalform1,m0472a,True,,,,
m0474a,TRIM21-x0474_B_302_v1,TRIM21-x0474,Z763030030,CNS(=O)(=O)Cc1cc(C)on1,TRIM21-x0176/B/101/B_v1,True,3a - TRIM21-x0176/B/302,3 - TRIM21-x0176/B/302/1,F1e - TRIM21-x0176/B/302/1,A1 - monomer,F1 - xtalform1,3a - m0176/B/302,3 - m0176/B/302/1,F1e - m0176/B/302,A1 - monomer,F1 - xtalform1,3a - m0176/B/302,3 - m0176/B/302/1,F1e - m0176/B/302,A1 - monomer,F1 - xtalform1,m0474a,True,,,,
m0501a,TRIM21-x0501_B_302_v1,TRIM21-x0501,Z85893853,O=C([O-])[C@H]1CCCN(C(=O)Cc2ccc(F)cc2)C1,TRIM21-x0031/B/39/B_v1,True,1a - TRIM21-x0031/B/401,1 - TRIM21-x0031/B/401/1,F1c - TRIM21-x0611/B/301/1,A1 - monomer,F1 - xtalform1,1a - m0031/B/401,1 - m0031/B/401/1,F1c - m0611/B/301,A1 - monomer,F1 - xtalform1,1a - m0031/B/401,1 - m0031/B/401/1,F1c - m0611/B/301,A1 - monomer,F1 - xtalform1,m0501a,True,,,,
m0514a,TRIM21-x0514_B_302_v1,TRIM21-x0514,Z1217960891,CN1CC[C@H](Oc2cccc(F)c2)C1=O,TRIM21-x0031/B/39/B_v1,True,1a - TRIM21-x0031/B/401,1 - TRIM21-x0031/B/401/1,F1c - TRIM21-x0611/B/301/1,A1 - monomer,F1 - xtalform1,1a - m0031/B/401,1 - m0031/B/401/1,F1c - m0611/B/301,A1 - monomer,F1 - xtalform1,1a - m0031/B/401,1 - m0031/B/401/1,F1c - m0611/B/301,A1 - monomer,F1 - xtalform1,m0514a,True,,,,
m0519a,TRIM21-x0519_B_302_v1,TRIM21-x0519,Z2065616520,CCNC1CCN(c2ccncc2)CC1,TRIM21-x0043/B/109/B_v1,True,2a - TRIM21-x0043/B/302,2 - TRIM21-x0043/B/302/1,F1d - TRIM21-x0043/B/302/1,A1 - monomer,F1 - xtalform1,2a - m0043/B/302,2 - m0043/B/302/1,F1d - m0043/B/302,A1 - monomer,F1 - xtalform1,2a - m0043/B/302,2 - m0043/B/302/1,F1d - m0043/B/302,A1 - monomer,F1 - xtalform1,m0519a,True,,,,
m0533a,TRIM21-x0533_B_301_v1,TRIM21-x0533,Z1002247062,CN1CCO[C@@H](CNc2nccs2)C1,TRIM21-x0031/B/39/B_v1,True,1a - TRIM21-x0031/B/401,1 - TRIM21-x0031/B/401/1,F1c - TRIM21-x0611/B/301/1,A1 - monomer,F1 - xtalform1,1a - m0031/B/401,1 - m0031/B/401/1,F1c - m0611/B/301,A1 - monomer,F1 - xtalform1,1a - m0031/B/401,1 - m0031/B/401/1,F1c - m0611/B/301,A1 - monomer,F1 - xtalform1,m0533a,True,,,,
m0536a,TRIM21-x0536_B_302_v1,TRIM21-x0536,Z2301438417,Cc1nn(C)c2c(O)nncc12,TRIM21-x0031/B/39/B_v1,True,1a - TRIM21-x0031/B/401,1 - TRIM21-x0031/B/401/1,F1c - TRIM21-x0611/B/301/1,A1 - monomer,F1 - xtalform1,1a - m0031/B/401,1 - m0031/B/401/1,F1c - m0611/B/301,A1 - monomer,F1 - xtalform1,1a - m0031/B/401,1 - m0031/B/401/1,F1c - m0611/B/301,A1 - monomer,F1 - xtalform1,m0536a,True,,,,
m0549a,TRIM21-x0549_B_201_v1,TRIM21-x0549,Z45617795,CS(=O)(=O)NCCc1ccccc1,TRIM21-x0031/B/39/B_v1,True,1a - TRIM21-x0031/B/401,1 - TRIM21-x0031/B/401/1,F1c - TRIM21-x0611/B/301/1,A1 - monomer,F1 - xtalform1,1a - m0031/B/401,1 - m0031/B/401/1,F1c - m0611/B/301,A1 - monomer,F1 - xtalform1,1a - m0031/B/401,1 - m0031/B/401/1,F1c - m0611/B/301,A1 - monomer,F1 - xtalform1,m0549a,True,,,,
m0573a,TRIM21-x0573_B_301_v1,TRIM21-x0573,Z1998104358,CN(C)C(=O)N1CCOC[C@@]12CCOC2,TRIM21-x0031/B/39/B_v1,True,1a - TRIM21-x0031/B/401,1 - TRIM21-x0031/B/401/1,F1c - TRIM21-x0611/B/301/1,A1 - monomer,F1 - xtalform1,1a - m0031/B/401,1 - m0031/B/401/1,F1c - m0611/B/301,A1 - monomer,F1 - xtalform1,1a - m0031/B/401,1 - m0031/B/401/1,F1c - m0611/B/301,A1 - monomer,F1 - xtalform1,m0573a,True,,,,
m0579a,TRIM21-x0579_B_302_v1,TRIM21-x0579,Z198194396,NC(=O)N1CCN(C(=O)c2ccco2)CC1,TRIM21-x0176/B/101/B_v1,True,3a - TRIM21-x0176/B/302,3 - TRIM21-x0176/B/302/1,F1e - TRIM21-x0176/B/302/1,A1 - monomer,F1 - xtalform1,3a - m0176/B/302,3 - m0176/B/302/1,F1e - m0176/B/302,A1 - monomer,F1 - xtalform1,3a - m0176/B/302,3 - m0176/B/302/1,F1e - m0176/B/302,A1 - monomer,F1 - xtalform1,m0579a,True,,,,
m0594a,TRIM21-x0594_B_501_v1,TRIM21-x0594,Z1318110042,CC#CCN(C)C1CCS(=O)(=O)CC1,TRIM21-x0031/B/39/B_v1,True,1a - TRIM21-x0031/B/401,1 - TRIM21-x0031/B/401/1,F1c - TRIM21-x0611/B/301/1,A1 - monomer,F1 - xtalform1,1a - m0031/B/401,1 - m0031/B/401/1,F1c - m0611/B/301,A1 - monomer,F1 - xtalform1,1a - m0031/B/401,1 - m0031/B/401/1,F1c - m0611/B/301,A1 - monomer,F1 - xtalform1,m0594a,True,,,,
m0594b,TRIM21-x0594_B_401_v1,TRIM21-x0594,Z1318110042,CC#CCN(C)C1CCS(=O)(=O)CC1,TRIM21-x0043/B/109/B_v1,True,2a - TRIM21-x0043/B/302,2 - TRIM21-x0043/B/302/1,F1d - TRIM21-x0043/B/302/1,A1 - monomer,F1 - xtalform1,2a - m0043/B/302,2 - m0043/B/302/1,F1d - m0043/B/302,A1 - monomer,F1 - xtalform1,2a - m0043/B/302,2 - m0043/B/302/1,F1d - m0043/B/302,A1 - monomer,F1 - xtalform1,m0594b,True,,,,
m0597a,TRIM21-x0597_B_302_v1,TRIM21-x0597,Z1787761777,CO[C@H]1CN(Cc2cncs2)CC[C@H]1C,TRIM21-x0031/B/39/B_v1,True,1a - TRIM21-x0031/B/401,1 - TRIM21-x0031/B/401/1,F1c - TRIM21-x0611/B/301/1,A1 - monomer,F1 - xtalform1,1a - m0031/B/401,1 - m0031/B/401/1,F1c - m0611/B/301,A1 - monomer,F1 - xtalform1,1a - m0031/B/401,1 - m0031/B/401/1,F1c - m0611/B/301,A1 - monomer,F1 - xtalform1,m0597a,True,,,,
m0604a,TRIM21-x0604_B_302_v1,TRIM21-x0604,Z31478538,COCC(=O)NCc1ccccc1,TRIM21-x0031/B/39/B_v1,True,1a - TRIM21-x0031/B/401,1 - TRIM21-x0031/B/401/1,F1c - TRIM21-x0611/B/301/1,A1 - monomer,F1 - xtalform1,1a - m0031/B/401,1 - m0031/B/401/1,F1c - m0611/B/301,A1 - monomer,F1 - xtalform1,1a - m0031/B/401,1 - m0031/B/401/1,F1c - m0611/B/301,A1 - monomer,F1 - xtalform1,m0604a,True,,,,
m0606a,TRIM21-x0606_B_302_v1,TRIM21-x0606,Z220996120,C[C@@H](NC(=O)C1CC1)c1cccnc1,TRIM21-x0031/B/39/B_v1,True,1a - TRIM21-x0031/B/401,1 - TRIM21-x0031/B/401/1,F1c - TRIM21-x0611/B/301/1,A1 - monomer,F1 - xtalform1,1a - m0031/B/401,1 - m0031/B/401/1,F1c - m0611/B/301,A1 - monomer,F1 - xtalform1,1a - m0031/B/401,1 - m0031/B/401/1,F1c - m0611/B/301,A1 - monomer,F1 - xtalform1,m0606a,True,,,,
m0609a,TRIM21-x0609_B_302_v1,TRIM21-x0609,Z52314092,CC(=O)NCCc1ccccc1C,TRIM21-x0046/B/42/B_v1,True,4b - TRIM21-x0609/B/302,4 - TRIM21-x0046/B/302/1,F1g - TRIM21-x0609/B/302/1,A1 - monomer,F1 - xtalform1,4b - m0609/B/302,4 - m0046/B/302/1,F1g - m0609/B/302,A1 - monomer,F1 - xtalform1,4b - m0609/B/302,4 - m0046/B/302/1,F1g - m0609/B/302,A1 - monomer,F1 - xtalform1,m0609a,True,,,,
m0611a,TRIM21-x0611_B_301_v1,TRIM21-x0611,Z1343518214,COC1CN(S(=O)(=O)N2CCCC2)C1,TRIM21-x0031/B/39/B_v1,True,1a - TRIM21-x0031/B/401,1 - TRIM21-x0031/B/401/1,F1c - TRIM21-x0611/B/301/1,A1 - monomer,F1 - xtalform1,1a - m0031/B/401,1 - m0031/B/401/1,F1c - m0611/B/301,A1 - monomer,F1 - xtalform1,1a - m0031/B/401,1 - m0031/B/401/1,F1c - m0611/B/301,A1 - monomer,F1 - xtalform1,m0611a,True,,,,
m0615a,TRIM21-x0615_B_201_v1,TRIM21-x0615,Z1689442171,O=C(N1CCOCC1)N1CCC=C(F)C1,TRIM21-x0031/B/39/B_v1,True,1a - TRIM21-x0031/B/401,1 - TRIM21-x0031/B/401/1,F1c - TRIM21-x0611/B/301/1,A1 - monomer,F1 - xtalform1,1a - m0031/B/401,1 - m0031/B/401/1,F1c - m0611/B/301,A1 - monomer,F1 - xtalform1,1a - m0031/B/401,1 - m0031/B/401/1,F1c - m0611/B/301,A1 - monomer,F1 - xtalform1,m0615a,True,,,,
m0631a,TRIM21-x0631_B_201_v1,TRIM21-x0631,Z1568344634,O=S1(=O)CCN(Cc2ccco2)CC1,TRIM21-x0031/B/39/B_v1,True,1a - TRIM21-x0031/B/401,1 - TRIM21-x0031/B/401/1,F1c - TRIM21-x0611/B/301/1,A1 - monomer,F1 - xtalform1,1a - m0031/B/401,1 - m0031/B/401/1,F1c - m0611/B/301,A1 - monomer,F1 - xtalform1,1a - m0031/B/401,1 - m0031/B/401/1,F1c - m0611/B/301,A1 - monomer,F1 - xtalform1,m0631a,True,,,,
m0638a,TRIM21-x0638_B_302_v1,TRIM21-x0638,Z373768900,CCn1cc(NC(=O)C2CCC2)cn1,TRIM21-x0176/B/101/B_v1,True,3a - TRIM21-x0176/B/302,3 - TRIM21-x0176/B/302/1,F1e - TRIM21-x0176/B/302/1,A1 - monomer,F1 - xtalform1,3a - m0176/B/302,3 - m0176/B/302/1,F1e - m0176/B/302,A1 - monomer,F1 - xtalform1,3a - m0176/B/302,3 - m0176/B/302/1,F1e - m0176/B/302,A1 - monomer,F1 - xtalform1,m0638a,True,,,,
m0641a,TRIM21-x0641_B_201_v1,TRIM21-x0641,Z1162778919,CCc1nc(Cn2ccccc2=O)no1,TRIM21-x0031/B/39/B_v1,True,1a - TRIM21-x0031/B/401,1 - TRIM21-x0031/B/401/1,F1c - TRIM21-x0611/B/301/1,A1 - monomer,F1 - xtalform1,1a - m0031/B/401,1 - m0031/B/401/1,F1c - m0611/B/301,A1 - monomer,F1 - xtalform1,1a - m0031/B/401,1 - m0031/B/401/1,F1c - m0611/B/301,A1 - monomer,F1 - xtalform1,m0641a,True,,,,
m0642a,TRIM21-x0642_B_201_v1,TRIM21-x0642,Z1275599911,CC(=O)N1CCCC2(CCCCCC2)C1,TRIM21-x0031/B/39/B_v1,True,1a - TRIM21-x0031/B/401,1 - TRIM21-x0031/B/401/1,F1c - TRIM21-x0611/B/301/1,A1 - monomer,F1 - xtalform1,1a - m0031/B/401,1 - m0031/B/401/1,F1c - m0611/B/301,A1 - monomer,F1 - xtalform1,1a - m0031/B/401,1 - m0031/B/401/1,F1c - m0611/B/301,A1 - monomer,F1 - xtalform1,m0642a,True,,,,
m0658a,TRIM21-x0658_B_401_v1,TRIM21-x0658,Z768399682,C[C@@H]1CN(C(=O)c2cnsn2)[C@H](C)CO1,TRIM21-x0031/B/39/B_v1,True,1a - TRIM21-x0031/B/401,1 - TRIM21-x0031/B/401/1,F1c - TRIM21-x0611/B/301/1,A1 - monomer,F1 - xtalform1,1a - m0031/B/401,1 - m0031/B/401/1,F1c - m0611/B/301,A1 - monomer,F1 - xtalform1,1a - m0031/B/401,1 - m0031/B/401/1,F1c - m0611/B/301,A1 - monomer,F1 - xtalform1,m0658a,True,,,,
m0659a,TRIM21-x0659_B_201_v1,TRIM21-x0659,Z31432226,O=C(c1ccc2c(c1)OCO2)N1CCCCCC1,TRIM21-x0031/B/39/B_v1,True,1a - TRIM21-x0031/B/401,1 - TRIM21-x0031/B/401/1,F1c - TRIM21-x0611/B/301/1,A1 - monomer,F1 - xtalform1,1a - m0031/B/401,1 - m0031/B/401/1,F1c - m0611/B/301,A1 - monomer,F1 - xtalform1,1a - m0031/B/401,1 - m0031/B/401/1,F1c - m0611/B/301,A1 - monomer,F1 - xtalform1,m0659a,True,,,,
m0664a,TRIM21-x0664_B_302_v1,TRIM21-x0664,Z57450788,CC(=O)Nc1ccc(CN2CCOCC2)cc1,TRIM21-x0043/B/109/B_v1,True,2a - TRIM21-x0043/B/302,2 - TRIM21-x0043/B/302/1,F1d - TRIM21-x0043/B/302/1,A1 - monomer,F1 - xtalform1,2a - m0043/B/302,2 - m0043/B/302/1,F1d - m0043/B/302,A1 - monomer,F1 - xtalform1,2a - m0043/B/302,2 - m0043/B/302/1,F1d - m0043/B/302,A1 - monomer,F1 - xtalform1,m0664a,True,,,,
m0666a,TRIM21-x0666_B_302_v1,TRIM21-x0666,Z106579662,CC(C)N1CCN(C(=O)c2cccs2)CC1,TRIM21-x0043/B/109/B_v1,True,2a - TRIM21-x0043/B/302,2 - TRIM21-x0043/B/302/1,F1d - TRIM21-x0043/B/302/1,A1 - monomer,F1 - xtalform1,2a - m0043/B/302,2 - m0043/B/302/1,F1d - m0043/B/302,A1 - monomer,F1 - xtalform1,2a - m0043/B/302,2 - m0043/B/302/1,F1d - m0043/B/302,A1 - monomer,F1 - xtalform1,m0666a,True,,,,
m0677a,TRIM21-x0677_B_401_v1,TRIM21-x0677,Z1545312521,Cc1c(Cl)cccc1NC(=O)[C@@H]1CCCO1,TRIM21-x0031/B/39/B_v1,True,1a - TRIM21-x0031/B/401,1 - TRIM21-x0031/B/401/1,F1c - TRIM21-x0611/B/301/1,A1 - monomer,F1 - xtalform1,1a - m0031/B/401,1 - m0031/B/401/1,F1c - m0611/B/301,A1 - monomer,F1 - xtalform1,1a - m0031/B/401,1 - m0031/B/401/1,F1c - m0611/B/301,A1 - monomer,F1 - xtalform1,m0677a,True,,,,
m0678a,TRIM21-x0678_B_302_v1,TRIM21-x0678,Z2072621991,O=C(COC(F)F)N1C[C@H]2CCC[C@H]2C1,TRIM21-x0176/B/101/B_v1,True,3a - TRIM21-x0176/B/302,3 - TRIM21-x0176/B/302/1,F1e - TRIM21-x0176/B/302/1,A1 - monomer,F1 - xtalform1,3a - m0176/B/302,3 - m0176/B/302/1,F1e - m0176/B/302,A1 - monomer,F1 - xtalform1,3a - m0176/B/302,3 - m0176/B/302/1,F1e - m0176/B/302,A1 - monomer,F1 - xtalform1,m0678a,True,,,,
m0717a,TRIM21-x0717_B_201_v1,TRIM21-x0717,Z1446981563,CS(=O)(=O)N[C@H]1CCOC2(CCCC2)C1,TRIM21-x0031/B/39/B_v1,True,1a - TRIM21-x0031/B/401,1 - TRIM21-x0031/B/401/1,F1c - TRIM21-x0611/B/301/1,A1 - monomer,F1 - xtalform1,1a - m0031/B/401,1 - m0031/B/401/1,F1c - m0611/B/301,A1 - monomer,F1 - xtalform1,1a - m0031/B/401,1 - m0031/B/401/1,F1c - m0611/B/301,A1 - monomer,F1 - xtalform1,m0717a,True,,,,
m0718a,TRIM21-x0718_B_302_v1,TRIM21-x0718,Z133729708,C[C@@H](NS(C)(=O)=O)c1ccccc1Cl,TRIM21-x0031/B/39/B_v1,True,1a - TRIM21-x0031/B/401,1 - TRIM21-x0031/B/401/1,F1c - TRIM21-x0611/B/301/1,A1 - monomer,F1 - xtalform1,1a - m0031/B/401,1 - m0031/B/401/1,F1c - m0611/B/301,A1 - monomer,F1 - xtalform1,1a - m0031/B/401,1 - m0031/B/401/1,F1c - m0611/B/301,A1 - monomer,F1 - xtalform1,m0718a,True,,,,
m0728a,TRIM21-x0728_B_302_v1,TRIM21-x0728,Z1245793018,CN(C)c1ccncc1,TRIM21-x0043/B/109/B_v1,True,2a - TRIM21-x0043/B/302,2 - TRIM21-x0043/B/302/1,F1d - TRIM21-x0043/B/302/1,A1 - monomer,F1 - xtalform1,2a - m0043/B/302,2 - m0043/B/302/1,F1d - m0043/B/302,A1 - monomer,F1 - xtalform1,2a - m0043/B/302,2 - m0043/B/302/1,F1d - m0043/B/302,A1 - monomer,F1 - xtalform1,m0728a,True,,,,
m0731a,TRIM21-x0731_B_401_v1,TRIM21-x0731,Z363071686,CN(CC(=O)N1CCCCC1)S(C)(=O)=O,TRIM21-x0031/B/39/B_v1,True,1a - TRIM21-x0031/B/401,1 - TRIM21-x0031/B/401/1,F1c - TRIM21-x0611/B/301/1,A1 - monomer,F1 - xtalform1,1a - m0031/B/401,1 - m0031/B/401/1,F1c - m0611/B/301,A1 - monomer,F1 - xtalform1,1a - m0031/B/401,1 - m0031/B/401/1,F1c - m0611/B/301,A1 - monomer,F1 - xtalform1,m0731a,True,,,,
m0733a,TRIM21-x0733_B_302_v1,TRIM21-x0733,Z369263636,Cc1c([C@@H](C)NS(C)(=O)=O)cnn1C,TRIM21-x0031/B/39/B_v1,True,1a - TRIM21-x0031/B/401,1 - TRIM21-x0031/B/401/1,F1b - TRIM21-x0140/B/402/1,A1 - monomer,F1 - xtalform1,1a - m0031/B/401,1 - m0031/B/401/1,F1b - m0140/B/402,A1 - monomer,F1 - xtalform1,1a - m0031/B/401,1 - m0031/B/401/1,F1b - m0140/B/402,A1 - monomer,F1 - xtalform1,m0733a,True,,,,
m0743a,TRIM21-x0743_B_201_v1,TRIM21-x0743,Z405825414,CCC(=O)N1CCC[C@@H](NS(C)(=O)=O)C1,TRIM21-x0031/B/39/B_v1,True,1a - TRIM21-x0031/B/401,1 - TRIM21-x0031/B/401/1,F1c - TRIM21-x0611/B/301/1,A1 - monomer,F1 - xtalform1,1a - m0031/B/401,1 - m0031/B/401/1,F1c - m0611/B/301,A1 - monomer,F1 - xtalform1,1a - m0031/B/401,1 - m0031/B/401/1,F1c - m0611/B/301,A1 - monomer,F1 - xtalform1,m0743a,True,,,,
m0744a,TRIM21-x0744_B_302_v1,TRIM21-x0744,Z1003146540,NS(=O)(=O)c1ccccc1OC(F)F,TRIM21-x0031/B/39/B_v1,True,1a - TRIM21-x0031/B/401,1 - TRIM21-x0031/B/401/1,F1c - TRIM21-x0611/B/301/1,A1 - monomer,F1 - xtalform1,1a - m0031/B/401,1 - m0031/B/401/1,F1c - m0611/B/301,A1 - monomer,F1 - xtalform1,1a - m0031/B/401,1 - m0031/B/401/1,F1c - m0611/B/301,A1 - monomer,F1 - xtalform1,m0744a,True,,,,
m0746a,TRIM21-x0746_B_302_v1,TRIM21-x0746,Z1266933824,O=C(c1cn[nH]c1)N1CCCC1,TRIM21-x0176/B/101/B_v1,True,3a - TRIM21-x0176/B/302,3 - TRIM21-x0176/B/302/1,F1e - TRIM21-x0176/B/302/1,A1 - monomer,F1 - xtalform1,3a - m0176/B/302,3 - m0176/B/302/1,F1e - m0176/B/302,A1 - monomer,F1 - xtalform1,3a - m0176/B/302,3 - m0176/B/302/1,F1e - m0176/B/302,A1 - monomer,F1 - xtalform1,m0746a,True,,,,
m0770a,TRIM21-x0770_B_302_v1,TRIM21-x0770,Z3220108246,O=C1CN(Cc2ccccc2)CC(=O)N1,TRIM21-x0031/B/39/B_v1,True,1a - TRIM21-x0031/B/401,1 - TRIM21-x0031/B/401/1,F1c - TRIM21-x0611/B/301/1,A1 - monomer,F1 - xtalform1,1a - m0031/B/401,1 - m0031/B/401/1,F1c - m0611/B/301,A1 - monomer,F1 - xtalform1,1a - m0031/B/401,1 - m0031/B/401/1,F1c - m0611/B/301,A1 - monomer,F1 - xtalform1,m0770a,True,,,,
m0780a,TRIM21-x0780_B_302_v1,TRIM21-x0780,Z30820160,CCC(=O)Nc1nc(C)cs1,TRIM21-x0176/B/101/B_v1,True,3a - TRIM21-x0176/B/302,3 - TRIM21-x0176/B/302/1,F1e - TRIM21-x0176/B/302/1,A1 - monomer,F1 - xtalform1,3a - m0176/B/302,3 - m0176/B/302/1,F1e - m0176/B/302,A1 - monomer,F1 - xtalform1,3a - m0176/B/302,3 - m0176/B/302/1,F1e - m0176/B/302,A1 - monomer,F1 - xtalform1,m0780a,True,,,,
m0789a,TRIM21-x0789_B_302_v1,TRIM21-x0789,Z993967070,O=C([O-])COCc1ccccc1,TRIM21-x0031/B/39/B_v1,True,1a - TRIM21-x0031/B/401,1 - TRIM21-x0031/B/401/1,F1b - TRIM21-x0140/B/402/1,A1 - monomer,F1 - xtalform1,1a - m0031/B/401,1 - m0031/B/401/1,F1b - m0140/B/402,A1 - monomer,F1 - xtalform1,1a - m0031/B/401,1 - m0031/B/401/1,F1b - m0140/B/402,A1 - monomer,F1 - xtalform1,m0789a,True,,,,
m0790a,TRIM21-x0790_B_302_v1,TRIM21-x0790,Z1250132788,CC[C@H](NC)c1ccncc1,TRIM21-x0031/B/39/B_v1,True,1a - TRIM21-x0031/B/401,1 - TRIM21-x0031/B/401/1,F1b - TRIM21-x0140/B/402/1,A1 - monomer,F1 - xtalform1,1a - m0031/B/401,1 - m0031/B/401/1,F1b - m0140/B/402,A1 - monomer,F1 - xtalform1,1a - m0031/B/401,1 - m0031/B/401/1,F1b - m0140/B/402,A1 - monomer,F1 - xtalform1,m0790a,True,,,,
